Protein_Variant,Delta_Tm_C,Tm_C,Delta_Delta_G_kcal_mol,Key_Mutations,Experimental_Method,Reference
avGFP (WT),0.0,78.0,0.0,WT,DSC,Pedelacq 2006
EGFP,2.0,80.0,-0.5,"F64L, S65T",DSC,Pedelacq 2006
sfGFP,5.0,83.0,-3.2,"S30R, Y39N, N105T, Y145F, I171V, A206V",DSC,Pedelacq 2006
sfGFP (S30R),3.0,81.0,-2.1,S30R,DSC,Pedelacq 2006
sfGFP (Y145F),2.5,80.5,-1.5,Y145F,DSC,Pedelacq 2006
eCGP123,14.0,92.0,,WT (天然高耐热),荧光保留,Close 2015
TGP,17.0,95.0,,"K45E, K73E, K117E, R149E, N158E...",荧光保留 @90°C,Close 2015
TGP (90°C t1/2=380min),17.0,95.0,,vs eCGP123 t1/2=175min,90°C时间曲线,Close 2015
hfYFP,16.2,94.2,,多重突变(最耐化学变性),DSC,Youssef 2024
mBaoJin,7.0,85.0,,"S55T, H77R, E80G, Q140P...",6M GdnHCl 24h,Zhang 2024
StayGold,7.0,85.0,,WT (源头高稳定性),6M GdnHCl,Hirano 2022
mNeonGreen,4.0,82.0,,WT,6M GdnHCl淬灭,Zhang 2024
Cycle3 GFP,1.0,79.0,,"F99S, M153T, V163A",DSC,Sarkisyan 2016
GFPuv,0.0,78.0,0.0,"F99S, M153T, V163A, I167T, S175G",DSC,Crameri 1996
S205V (high-brightness variant),-2.0,76.0,1.5,S205V,尿素变性,"Sarkisyan 2016, Nature"
E222G (high-brightness variant),-3.0,75.0,2.0,E222G,尿素变性,"Sarkisyan 2016, Nature"
F64L (brightness enhancer),1.0,79.0,-0.5,F64L,DSC,Sarkisyan 2016
V163A (high-brightness),0.5,78.5,-0.3,V163A,DSC,Sarkisyan 2016
Y66F (BFP),-5.0,73.0,2.5,Y66F,荧光保留,Sarkisyan 2016
Y66H (BFP),-6.0,72.0,3.0,Y66H,荧光保留,Sarkisyan 2016
Y66W (CFP),-7.0,71.0,3.5,Y66W,荧光保留,Sarkisyan 2016
T203Y (YFP),-4.0,74.0,2.0,T203Y,荧光保留,Ormo 1996
S65T (brightness boost),1.0,79.0,-0.5,S65T,DSC,Sarkisyan 2016
S65G (reduced brightness),-2.0,76.0,1.0,S65G,荧光保留,Sarkisyan 2016
S65C (reduced brightness),-1.0,77.0,0.5,S65C,荧光保留,Sarkisyan 2016
H148D (pH sensitive),0.0,78.0,0.5,H148D,DSC,Ormo 1996
R96H (delayed maturation),-3.0,75.0,1.5,R96H,成熟动力学,Sarkisyan 2016
E222G (proton transfer disrupted),-3.0,75.0,2.0,E222G,质子转移,Sarkisyan 2016
