Position,Region,Importance,Known_Beneficial,Mutations_to_Avoid,Notes
10,β链S1,二级,—,"Pro, Gly (破坏β链)",参与S30R静电网络附近
17,β链S1,关键,E17 (参与S30R网络),避免破坏Glu电荷,静电网络成员(E32-R30-E17-R122-E115)
30,β链S2,关键,R30 (sfGFP关键突变!),不要改变Arg,静电网络核心
32,β链S2,关键,E32,避免破坏Glu电荷,静电网络成员
39,S2-S3 loop,中等,N39 (sfGFP),—,折叠动力学
45,S2-S3 loop,中等,E45 (TGP风格),—,表面电荷优化
64,发色团前,关键,L64 (EGFP F64L),避免太大或电荷残基,影响发色团阴离子形式
65,发色团三肽,绝对保守,T65 (EGFP S65T),不支持突变!,发色团三肽之一
66,发色团三肽,绝对保守,—,不支持突变!,"Tyr66: 提供酚环, 不可替换"
67,发色团三肽,绝对保守,—,不支持突变!,Gly67: 唯一可亲核攻击的残基
68,发色团后,关键,—,"避免Pro, 大体积",发色团微环境
69,发色团后,关键,—,谨慎,发色团微环境
72,β链S3,中等,A72 (S72A),—,折叠改善
73,β链S3,中等,H73 (R73H常见),—,"表面暴露, 突变频率高"
79,β链S4,中等,R79 (K79R),—,电荷保守替代
80,β链S4,中等,R80 (Q80R),—,表面暴露
96,β链S4-S5,关键,—,不要改变Arg!,"催化环化, 不可替换"
101,S5附近,中等,A101 (G101A),—,—
105,β链S5,中等,T105 (N105T sfGFP),—,折叠动力学
109,β链S5,中等,V109 (L109V),—,—
115,β链S5,关键,E115,避免破坏Glu电荷,静电网络成员
122,β链S6,关键,R122,避免破坏Arg电荷,静电网络成员
134,发色团微环境,关键,—,"避免Pro, Gly",发色团H-bond网络 (mBaoJin S134P→光漂白加速6.5x)
137,发色团微环境,关键,—,避免破坏Lys电荷,发色团H-bond (mBaoJin N137K→光漂白加速1.5x)
145,核心疏水,关键,F145 (sfGFP Y145F),避免引入极性,"核心疏水堆积, Tm提升关键"
147,核心疏水,中等,—,避免引入极性,附近疏水核心
148,桶盖,关键,S148 (H148S→YuzuFP),避免Pro,发色团桶盖H-bond
152,发色团附近,关键,—,避免引入负电荷,mBaoJin V152E→光漂白加速4.5x
153,核心,中等,T153 (M153T常见),—,—
163,核心附近,高影响力,A163 (V163A),"避免Pro, 大体积",多个高分变体含此突变
167,核心附近,中等,T167 (I167T),—,—
171,核心,中等,V171 (I171V sfGFP),避免太大残基,与Y145F协同
175,表面/loop,中等,G175 (S175G),—,—
180,表面,中等,Y180 (D180Y),—,—
187,表面,中等,—,—,—
190,表面,中等,N190 (D190N),—,—
203,桶盖,关键,—,避免非芳香残基,"T203Y→YFP, T203与发色团酚OH H-bond"
205,桶盖/质子线,关键,V205 (S205V),避免Pro,ESPT质子线中间站
221,C末端区,中等,V221 (L221V),—,动态接触网络
222,质子线终端,绝对保守,—,不要改变Glu!,Glu222: 质子线终端受体
225,C末端区,中等,S225 (T225S),—,—
231,C末端区,中等,F231 (L231F),—,动态接触网络
232,C末端区,中等,—,—,—
234,C末端区,中等,N234 (D234N),—,—
236,C末端区,中等,V236 (L236V),—,—
