Variant_Name,Ex_lambda_nm,Em_lambda_nm,Extinction_Coefficient,Quantum_Yield,Brightness_ECxQY,pKa,Maturation_min,Photostability,Tm_C,Oligomeric_State,Key_Mutations,Reference,Relative_Brightness_vs_avGFP
avGFP (wtGFP),395,508,30000.0,0.65,19500.0,6.0,60.0,中等,78.0,弱二聚,WT,Tsien 1998,1.0
EGFP,488,508,56000.0,0.6,33600.0,5.6,10.0,中等,80.0,弱二聚,"F64L, S65T",Cormack 1996,1.723076923076923
sfGFP,485,510,58500.0,0.65,38025.0,5.4,8.0,中等,83.0,单体,"S30R, Y39N, N105T, Y145F, I171V, A206V",Pedelacq 2006,1.95
SGFP2,485,508,46000.0,0.7,32200.0,5.9,5.0,中等,82.0,弱二聚,"S30R, Y39N, T105N, Y145F, I171V, A206V + N端截断",Kremers 2006,1.651282051282051
GFPuv,395,508,30000.0,0.79,23700.0,6.0,60.0,低,78.0,弱二聚,"F99S, M153T, V163A, I167T, S175G",Crameri 1996,1.215384615384615
Cycle3 GFP,395,508,30000.0,0.72,21600.0,6.0,30.0,中等,79.0,弱二聚,"F99S, M153T, V163A (改善折叠)",Crameri 1996,1.107692307692308
Emerald GFP,487,509,57500.0,0.68,39100.0,5.5,12.0,中等,81.0,弱二聚,"F64L, S65T, S72A, N149K, M153T, I167T, A206K",Cubitt 1999,2.005128205128205
mGreenLantern,488,520,59400.0,0.63,37422.0,5.5,6.0,高,81.0,单体,"N端截断, S30R, F64L, S65T, N105T, Y145F...",Campbell 2020,1.919076923076923
Clover,505,515,111000.0,0.76,84360.0,6.1,5.0,低,80.0,弱二聚,"F64L, S65T, S72A, N149K...",Lam 2012,4.326153846153846
mClover3,506,518,109000.0,0.78,85020.0,6.5,4.0,低,80.0,单体,Clover单体化版本,Bajar 2016,4.36
mNeonGreen,506,517,116000.0,0.8,92800.0,5.7,10.0,中等-低,82.0,单体,源自Branchiostoma lanceolatum,Shaner 2013,4.758974358974359
StayGold (二聚体),497,512,100000.0,0.8,80000.0,4.5,5.0,极高(>15x sfGFP),85.0,二聚体,"源自Cytaeis uchidae, 单点突变",Hirano 2022,4.102564102564102
mStayGold (E138D),497,512,96000.0,0.78,74880.0,4.5,5.0,极高(>10x sfGFP),84.0,单体,E138D 单体化突变,Ivorra-Molla 2023,3.84
mBaoJin,497,512,90000.0,0.75,67500.0,4.37,3.0,极高(活细胞>60min),85.0,单体(99% @56μM),"S55T, H77R, E80G, Q140P, H141Q, C165Y, N171Y, T201A",Zhang 2024,3.461538461538462
tdStayGold,497,512,200000.0,0.8,160000.0,4.5,5.0,极高(~7x mBaoJin),86.0,串联二聚体,"串联dimer, 高亮度+高光稳定性",Zhang 2024,8.205128205128204
eCGP123,493,504,56000.0,0.7,39200.0,5.8,20.0,中等,92.0,单体? 聚集,"源自Clytia gregaria, 高耐热但聚集",Suzuki 2012,2.01025641025641
TGP,493,507,54000.0,0.66,35640.0,5.8,20.0,中等,95.0,单体(非聚集),"K45E, K73E, K117E, R149E, N158E, C端GGGSGGG",Close 2015,1.827692307692308
Azami Green (mAG),491,504,55000.0,0.76,41800.0,5.8,20.0,中等,82.0,单体,"源自Galaxeidae, 天然单体",Karasawa 2004,2.143589743589744
hfYFP,513,530,,0.65,,5.0,10.0,中等,94.2,弱二聚,"最耐化学变性剂之一, pH稳定性好",Youssef 2024,
YuzuFP,488,530,56000.0,0.65,36400.0,5.5,5.0,高(3x EGFP),84.0,单体,"H148S等, MD引导理性设计",Nikolaev 2024,1.866666666666667
TOMATO-GFP,491,506,65000.0,0.7,45500.0,5.5,10.0,中等,80.0,单体,"Q80R, S205V, E222G",Sarkisyan 2016数据集高分变体,2.333333333333333
esmGFP,496,515,,,,,,,,单体?,"ESM3 AI生成, 模拟5亿年进化",Rives 2025 (Science),
