Protein,Mutation,Location,Mechanism,Effect,Reference
sfGFP,S30R,S2 β链,五元静电网络 (E32-R30-E17-R122-E115),"折叠速率+3.5倍
尿素耐受性增强","Pedelacq 2006, Nat Biotechnol"
sfGFP,Y39N,表面,极性表面优化,折叠动力学适度提升,Pedelacq 2006
sfGFP,N105T,表面/β链,H-bond优化,折叠动力学适度提升,Pedelacq 2006
sfGFP,Y145F,核心疏水,移除极性OH→改善疏水堆积,"Tm +3-4°C
协同I171V",Pedelacq 2006
sfGFP,I171V,核心疏水,核心填充优化,与Y145F协同,Pedelacq 2006
sfGFP,A206V,桶末端,减少二聚化+局部堆积,改善单体性,Pedelacq 2006
TGP,K45E,β-桶表面,正电荷→负电荷,表面电荷排斥→减少聚集,"Close 2015, Proteins"
TGP,K73E,β-桶表面,正电荷→负电荷,同上,Close 2015
TGP,K117E,β-桶表面,正电荷→负电荷,同上,Close 2015
TGP,R149E,β-桶表面,正电荷→负电荷,同上,Close 2015
TGP,N158E,β-桶表面,中性→负电荷,同上,Close 2015
TGP,C端GGGSGGG,C末端,MLPSQAK→GGGSGGG,消除C末端介导的晶格接触,Close 2015
mBaoJin,S55T,β链,结构稳定化(编号问题),单体化+稳定,"Zhang 2024, Nat Methods"
mBaoJin,H77R,β链,正电荷引入,单体化,Zhang 2024
mBaoJin,E80G,loop,增加柔性,单体化+结构松弛,Zhang 2024
mBaoJin,Q140P,loop,Pro引入→约束,单体化关键,Zhang 2024
mBaoJin,H141Q,loop,极性降低,单体化,Zhang 2024
mBaoJin,C165Y,疏水,大体积疏水堆积,单体化+光稳定性,Zhang 2024
mBaoJin,N171Y,疏水,大体积疏水堆积,单体化+光稳定性,Zhang 2024
mBaoJin,T201A,桶末端,减小侧链,单体化,Zhang 2024
StayGold,E138D,二聚界面,电荷翻转→打破界面,实现单体化,Ivorra-Molla 2023
EGFP,F64L,发色团附近,疏水优化→发色团阴离子比例↑,488nm激发效率↑6倍,Cormack 1996
EGFP,S65T,发色团,Ser→Thr→pKa降低,发色团阴离子形式为主,Cormack 1996
mNeonGreen,整体蛋白,,11链β-桶(无水母GFP来源),"QY=0.80, ε=116,000
亮度极高",Shaner 2013
esmGFP,96个突变,全局,"ESM3生成, 与avGFP 58%序列一致性","模拟5亿年进化
荧光极亮绿色","Rives 2025, Science"
